b3e9591dd85c48659a35977a064da6733bc282cc,4e47910e12337bcd04f68d95ced187f6530a86fe
d2e6a2dbc0d0e71362187e85baa91d8f88f9b26f,991bd932f21f83494949906e09f5e1db1cdc7541
cd61c1266cd5160f771922830a1b7c9d416efbe4,12d7ba6746c404409130cec2d8a5fb7ebbe4fdea
fb5f2c924f231977e2de496d0398e4a3c6899add,24247bf0d0360b0bacd43dfcf0866a77a205fe51
01eaa35d7eb0df2baeacd2f4806ef19507313f8d,74b8056e7b50fd9ffc98e80e15724ad406127875
ef2b4d4c73490e017a2c673133947882b7db675d,ad49029d6ded94bd576cc0f77d2aa620d78eddda
7d9c8d6ba5246ab3f570f6c9174e269e50a2fdf8,5300005cc2128920ee82ae9bd067cf91da89f686
1523abd88a35071b53ed2ee8fe2b79af2dba6870,66c179deed3d6a6bee70d0183a7675d0ed02d848
5dd2eb89ec5741bc3b52ba11409f576557039bf4,7a65fcd5a4d8db531dac00a8cc11729e5e2919a1
c3f7af8a7292b7f057c072bad1d8d1143068e5a7,929201992d06a8e26e706d755e7cea9ff645255b
a6d04ce153b40174161577ef4c5a26da0141469a,14860da6c4447843e8fbc8876aedc4818f212b0d
b841a25e1b4d1977a387cdf041e59d038995617e,8d056a2477ae98549876058c8248d3aada511df0
289cb7133c83bcf578332842e97b531747eaedc0,22fb8a3ec04cb5ad1f99f4d0692a16f466a70902
cce7f288168121725a9960a9ca5b65c8805d65b1,8e293a4bd4d0b1b76a75eb2ded6b5e82ff754644
fe3cd50aaed7bd8dd693257c380c4595455ee8e9,3cafd1eaa85ede477a8c57c84c874aac66a7aed5
27e85d90515d64f701ca0758e988dc4917dc0bb1,9555a5c4e37653b6282d8f28f4a8804bb7988afe
452ff7a7642f898aac92411d09212ae52b77148b,e6b54b1c9e077bd62bd8eedadda39d0570389f98
2254546dc9ef624f5f1f84f9c1315cf1cbc383e1,55d62be122fa29bc6870d2faea3d4ede5b05d61b
c2ead081b5f393dde2e164eacced431b5f197d49,c991456c99a22507bc13bfc06d3fd284a2fdba83
618d6c6d448af2553ef9fdb8494aa7b4345b7ae3,b812a4e216f31a654fb5e16c4e26b7da47798a6c
0c8e9c9e0c6457de75118e2bf10fc7ca39777899,b1d35a654eb5280776db059551a65c2dcd6e8f93
6cbcd18a51f28bab7ff25b6642334751c63c74fd,ff731e6c8ef221af7c8a291bf2dced8819d3422e
36ab44564f343121737c0d9bd09df7a730e620aa,f201db4d19a94b5a5cb92b3ac8bc97b5fbf5f777
d413ccca8f74f1c2082e065761e3e055ead2ca29,39377c10c6410ccee8d3b6d962e976b5037dfb32
d8ddf2e51af1d224aaadbd6896a5b0d932da06b6,9784a2313e222449f30952f752c013e4a48dbe66
4a9c97f41d6c3f0bace794dda91768e499e2892b,f7a429c07efb0a6f291b5489f2a13a24f1f87502
84cd74fac0107c3c631e053d46d25ed52838d6db,0c36f3101e142d7cc00fd27f11aabf39789e6c7c
cd0839435a637845af906ae8ba9814a0f24d32f2,73f2ef852d2ce601e60363dd10ace67003597c35
74450e93294340edde4cd48784e946cdb8dac825,24a39fd0462d5573fdc99a66230b08e23d6bf902
86d68f072347173a1c71323fc3aaa1b56b274f0b,fa2e1a0bf1396038fafab528619904cbcd6da343
0dd45d0d3957995ac415f11780aefb2a6676b778,cee96734b5a797a0514500e4efadec5ad630bc1e
efa4a98491cf3f0df919e04e5b85db7aee02b406,70870b4d9cbec47fc064ff39872d9759bc5c808f
066a0e2e14c9d95842e7296bd47a66a5070f3d2d,315c8cfcceab9fce85832021a85c07b19639928f
a2f56ddde81eb01c89d7a7b72b41773df2544a97,2870edac44c3bade915b16a0aff1bce1f2978a31
7518b21c6cb4a06c60355fdd8cc980ed4ac701c2,103b1a171338d814ef75a43ba8af51188940ad44
a736e24954dad7409da7030cb33c769991541eb9,252db85ada06b9ad0294815a7e2f4cc3103c20fe
8cee34e55a7be337f9f849ffc8d97f5e8f16cea1,5397abd9cd98094b935e480a3d03c84b46013ecc
0835eca50d787185316970c800e8bcbeeebd1f04,2004b67933bf4bce19c607496930f72932030a09
17aa58ae26118b34779b693a7628906bc1ea66d9,ed99b69abd9886ce850878dfc924d197de6364a6
cf0802fa396816257ea28ebe7ae05ca02ecb825d,5209878179fa8925ddeaf90d8fb6939bcc93f2c3
207728c5f8ff3d7ad88fa93ee2e853b98b6f06d7,46df45ade424d9e51902dc66ded56a3754f478aa
5a8dc0ddf033766c20de9e2bb21303650c37f774,96ea5f181d154f36da4eb2a7a4bd8a021c0505a6
d9c75e22a24ae67b2e1f546c0a8e19a76072a773,226ee8a193972de67a136b1a36a6d591aa68f9ae
187d3bf1e99cbf5fe8023e4ac6a1bc58efae808c,0181db4d4269b5953224d65325a542950974fa3d
8266bd7097784da2355382f6dceeb2f271a33c56,e528fa695fbf8f0480bf6aa894b6b47767d9fbee
42c87e3615138bc1e649afb15d9c661fab386990,d5afea7421d4ed4b014e8bd1b788898ea1cef420
b5199b06c9674b0e77e80385623daa4e808d6a04,7595fc282b35b81555fc5b7dc168da430b4cfa67
2af57349ed087ac17dbf274fee4b1d374ff7ef95,c699417eb7f141f3661f7bb0534e8efeea170f56
755049aa2a2930257bec696eb4100adc460425f0,49acadc62d0031c6ac1e46460762da5e08cf0dea
8c6f20eb855aa3ea67beb8fd3b1ccc54229c4501,0451da01d46c0729930b752fd9e080968a53be09
ee75da04cab9cc300f2108c7dd4862ced895f8d9,60fc8e4d62f9591cd189e97e8aac7d99c6458bf0
232b1f490dd5df5133dd9511be67da9e1eb7d52d,0b54551949bcbea31aea2eeda6621e58ad0da804
f1165094f9604758edb94b31104aeae37924b2ae,6b81017d5ab45098026b6cc79cba40389f35cdb9
1b932e7aa40871eba5d81c30484162a6a070e461,dfcd7ea390e664fac260830f5f94e9433321960a
10e71ddda3105480890cbe987313b9aa6445fdce,5facf221d2d7a938e458ed1fa018b89fd9c2a0d6
83c1cab163840ed0cd7163f97af393865c3a1a47,d030bba25f366332dec68cad427358866adac6dc
229884bdc7a02ba1747f7fcba9761c8695f8a552,41813aba4be9624b79b40416f70edbffa6821665
e1c0fe510a74d305105e74be1779f932bb200320,14f9a0cb8a0665c5affb968e75b017bc04a2f59b
577a19a569bb52c457327bb06a31afd3a5a473ae,58eb66cb6961b9142d435a774feb9998b29608fc
d22f57e9e1f9cb1d04bc662b780e4f10d0353c1e,d4758f0c63b4c069d1bd8fa504fdcb751fe86673
cd29d41d3b61045816e4b1e140c6460296af4a91,64b904674366c928a367ba205d3af9f4dcaf2109
8368ade737688040c5316ffb76b4ebfb654db6b4,80d8fdb093bbdf5c6e2da68fed5e670f6ea86a67
f4c4b8a8efc5f629be61b9de95c112696f1c3986,74c41c3e3d485e47698f35a7a6fb52cc89d01b99
1f6916b71e12b3c920c288c0462648152476e32b,132472de38bc4fd1401dec270f9732f5f0559948
5ab33bee2a6a243ed9bba8253c0c7a6734febcec,62f4a28f1a0eab786f08510d4dfde5762bf6146d
fe34bf6676c29cd3f17d902241d1da80eaa1715b,6a1c3019dfb04a953d1e87af52e8fe1d57ac3302
12481fa0c7243549d334c86f181b47671452e6ed,1bb30896a648e7958d26243a289749c0bb67fd79
90d013fb085eda42bebac334a2189d170532ebc8,8ac0fe1b0e7f5a06d6e63265ef620c2e430bf685
63bc66b81151a05040c4aaa2c44cbf5fd2372efc,96cb31ab0d698b3f40da4ebc043e8442a3eb9e4f
7b6c4bcbc444bc62363113b7906979dfa667232a,5e19b6f7d5045dd4c11f49a8b6ac818d009891a8
f16b8361bfc62cdfe65a6f12881ff1f591f2175c,d9af8739985c0fffd2d266c4ab49be8ea8d7f659
c34afd7dec2026fedfc9bb5646ae54c473b88a7a,5955687c2f4bc5ede3241c860007fb4376fbb85c
066bfd0a1108a8d2484ae996d664fb93267cb537,f2b6448c982e74ba5ec833c7307d4c89374aaa46
633ce6a7b8983a35b310b61d6e93329761a1123e,d9279853b8d6482a991ef6543e06484fe619be57
74d74a61650380e419ae7db5cba91e03843c1c19,a2820dc1cc746aaad6fe8ef0cd9b730d1ec7f5bc
83ad9b36aa514778b9fc04f521faf41e1836713b,c466af05f1e9d793eda0f18106c2ecdd2aed9904
2a8ada822d4e8337c9b3ee5d63e7927d5db3ceb1,65cda6d1f15ff380a60808dba1f9c758a045a0c9
8e7f827203650e5d31cce4f97a363c4ee48602c2,85c718ab9d643302001f639e2d99018642d1f8da
8de8e1f6a26b26e6266b08bfb9e3bb034995c0a7,fc4e318a32029a4b7eee4f3b5f71eaac91b68a85
575c3f402d35f03f5775e22101b9ca0ee59abe5c,780e343d73942ccd8330c4534629636eb0feb383
134573d587e73e59a1b66d1a271726afe3462e7f,4642624a51eb757c6fc26105c660b721188c231b
73590402087d48de27be65725d3363b494fab3ac,e477a7420c89b34a7df1d36befbc0a2afe3cfb4d
655d1cdd2e21620218867d824efa1a0cd96ec573,0556a1375d5be0e4c072b389cd1e4d47435456e1
929228dd38d265542769bb0d91b2d0a74b21a84a,d55a711752bc1bba36fcf003f196b2d7ce70333d
1e9caf98ccc2d615c7d68ac092d840e4bfa5bcfe,708e88cc352fbbc40d621bed74743978f7a3ee8b
0f2e31adc1232001e9c9d42f7d2af13ab1a24a31,f958aff1ba7c5d9fb8644ba18a2602f10d03155d
87739c220295759990da468c3cb9d605ae7893fb,557c8cb071d42fcbf4dcc98dde2990d8e11f51c1
8a3c1800dcf9834004120249ca596c4ded63e62d,a7090cd02f41d3b0074afd99d8195e75ab46caab
9345255e646087f43461b113966b3aac7618f552,54f8379c3aaa52069abdd57143350fd53289ac0d
9c2c85382d49a87fd97f8df7b80bcd7df9c5d924,8a2d85988be4063c76839f9bcb81185bd1b9a21a
cede2378f7373e153eba6b66d557f8406f9c7244,8eb432a864ca38da4d6bd7a9faddf3261fd0ad6b
feea0c8c163ac8a858d277b461b98b8b6823413d,f09c83deb4369b7569e8abfdc50a783bb7c476f5
e1f87fbb08a2260bcccc7dcfcbb1861196b34757,352ec428ec2c2adfd9dc207617b95a4aff99d79c
f23557d64c0edf9ae9929efa6a4f65130e30ffb4,07679b3fd71b6c966e86b78d8c73bb1fe990be4a
4e19a2ca946bcc326baf56403f171af2377e3c58,6f950f647c1778922f9c5535baaa15a3290b6084
ddbba9239e7f6a32b60034952669e9ed2971d186,e839063b1532af7052e1764fc5f75162439d0e9d
22cd7de12eaa625d861f4f828a47b9c8566196a2,b7f61b5cfd645591dc699e970eae97cc1aff6497
74411a8921bdadcf686d1df00db4868c53544ca2,0277feea3a9c2ea004e72bfa2c8e7aab82919661
32bc42dab9c0b0bef8ca631b8ee315602439e13d,8d5cee4bbcadb922c9d5152291b5ee94cffc6668
7f26c07d04595fb7e98d5101e92237aabca7cde3,a08a22fd6eadd9faddae2a5aa4ffdb699f22a41e
b2c0166682a70efd94dde14d80a5c3e4b101c341,02078aeb6e653faf957ac28b53d3ab71dd43b91a
7b002180c58ac3f0bd92c633df773c2bc8b51ad6,60ba1ff31199a09f5f97a2922e43aa23a5e67534
78c960c758f5f8361abb54b8a1a1ec8b45672335,52103da2d1bad8f161876ce8f37d9fe98aa17167
045bb4c117a58351d13e703a26d8b41f4cee4f17,c60adba4db0a3d395662bd4d00173d9ac68b3c9a
c64e3c1d481306c5c8c02e5ab2e6d204483063ae,dea2b79f6630cdf540ea26b6e8f491c9a7c0702c
7b1cd4ec6c7e2e9f1723e159e8f14a1e45a6e1b7,79945697895f6e4d74d1627d7e335e3dd366ea8a
0de9388af952437ff68fc95870140ff027c0bbc4,0eac3cb29202915af1e1076bd7ad67f863db7078
a6eea763420f5b66c7addcd24bb148a6590587c0,8e7b8983ec9ebe68080ef81c68d1238178779562
abb217d21239665aa5d37c6539b992277c805a38,4e6cae0abbd33b0a389f045978a039af97a90fe3
657ca39a048400367b1b4e38a61022f4b2874e34,5fcea7f6e47dd42d85c762207793ff0fe1ca1541
e92dff580686e4e00b09ca9bd8e4911ecfefd8af,ee16b8afab87e9c315aeee6450d282208d67cf4f
383ab85cf56ae0a5fd358570a4a616777bea7d98,2a46e9736f7d31c21093967e15e260a7f1febbbc
06a033f25da851397fcbc8e6711b3f0ce1cc9feb,35de5f63f6d9a000c1e66cfb78de11772376c65c
ee3ed22c13ca072bb125a5696133d4688170fbcb,ba44e277a63e696727b63715931fc450d3a7179d
7df37b28f5a1624ca9a87975ca33992da7826348,5e0ca7ed3e5b33c08d38c86d777d498f8a624558
191e192c0093ce45d22e04c0c928e7d54194aff6,c6543cd2b138df467be3203cefaa31b2f57c353a
54022318747abdea1611d1af6bce4f938a862c3d,d87f55921a54283fdac59bba6f81f05d276d1ae1
8fd0303e421f4965aa4c592b1624d7622e16da65,166faed980824f8d98e05071810018cf3c1d3d5e
bf19b7baa2b19e6ce3aaf52eaa246d8270bdb45e,638ae76b232a87ed35da76c796d3daccde4d7a10
45a8642ef0c3e90ffce8c65c8cee6e075cdffc81,8776857f299b960a05955cd2ebc5c94b3b92e252
b151ec6d734a1fedadc13825e3c106a49165c56b,8ee47a97b9911659531afafff0d8cebb132259c3
5e452c16ae3d39757c9ff537b80633a5a1e56064,2aaa7255d188b2eb8ab9cada57a18c1cb6fea274
7146b562ea22bfc8bb8c05ef62ec49d73f690b0a,536f22ca7144c0d999cdefee82e2142a1b54fe21
8cf67321123af2e682923818a4da4619a17ba2f2,327accdfec792f2d8a4057bda37a315b0617230d
d9ecf907b4e76afe9c40f04fe567e990851325b2,b8bc1648fa5ff79fd4639a4ba1a11fdfda4ed01d
018e532f19ab0ea3f83be8a12ccdf3bea011b6e1,19d213e7fcaf37e72195f07d9a0f6aa1879b0864
130245b4979af41147f76144692c5207c0e612c0,0382c67dd8de8be9ffbbf75d2f1c0677ce2f6d1f
e7e91c38a438468363b62a5c3e32f542b43bd33e,7263b29413e9453c6080ec3aa028ab4423e238d3
bfafba47d683c0f3efb3f6bbdf1151f66a6403dc,cbc475095a3d64a3a0ea912e3719465ccb366045
bd65815737823866f8319996f9d513d8b5f77415,9d2f14f2e28831e933faf19d27a22e3df2d79cf9
e98042aa441ca8f7d328eb3a973f55cb82a9e3d7,8fabe5e23c4cb1cbf3899b77dc1a7ff4374fe719
5d2fb288e847915cb0c15be72f2326ac4669c4a9,2355190e579f8ea19ff3e5924b9f77655f87ddc2
8a98c4846d3efbae0c165fa39824fc5dd2402b20,1ced1e76a46b4fea05ea3461a558c54ce5eb1678
762cc36c00b11367026ed220511580a2d0773129,e7209f9c36e9a30a40a57a1220b67fb6f063149e
eaf40402fb85f7167d3443f53ce40ba3e9af72a6,3f18e6e3a0223b9d18979b15c3a9b157d6223506
06a3f5ea47f99ba138f0523a2507238c645f33d9,dcb66d78964ea08322a6aa45e91b777831f71214
53f6f8df24c1d0814b847f325074a5f4eb13db99,168b31d062c6bc20d7a16cb92007a62937ae4b77
52e31a5fba59514c1e305fad82661e086afb14b9,f320d113616173205ea1e105f140398cfc8ededa
2b37e98c7d3a336ceb2a81ff792c77f185e83e61,38cbc1f0ffed19c337309122e8a7304f18137f64
e03fe4fddf3b6f2467d550d9be70dadd107ca2d7,70400a2a74bd134c8741a3d6b0aa69b22fd4cb4c
bdd68e9eee46c4cbde74a272b0cca983fb9342ed,a6b307e373dd0f4afddac00b7115268ad1f5a8b9
e37db89bc29a6f47e3f653b3ccf49b3801f76b45,06dbca0495425829a79139079c24e6ff1d951ac6
aa67d1ebf34ae946f51edc258cc7bd14c3530c68,44eff241c0d61b3f8caceca51135adb9bc45dc2e
7e1b4c10619799320885ea35899828dd4dfbef4e,528a4596c47d7082a118ed600b417534d9052fb2
a786ecc91806c4bc05f1486a409effb4f581a65f,faf24553f7757fe0fe5fcdd3d07660f199c1dee7
6999c4841ec7bfe4fe4cbaf2308b52aeb9f71351,6b922aa30e8a919e97cb820a4d7429067b62d619
23dba76e2a3dcb518bfd7a7b8c3a1c40b82e86b0,84dbc3ccaed73e8bed69d5bd74303b56a499e9e6
bade7bac572252743099920ec6caca4f74b0ee79,04ee3945cf65b426c3f5e5e3fd8a43b5ca2bb109
b43449540e1316e180e19d79933656d40faf3021,d92b77642b0fbb31950aa35aaeabcf91763bcd84
6eb233d66fb99fdbaa0053aa00bef2087fe7b3a1,5d37cd1380de8d7a4ccc9dc9d74bf58155ad4f7d
37223084ce0f680bcfd4722485639dce47fa6511,eae3172b78a1bfc51e0a2dd80acfcfe5c2b6c2d3
edc4c873cb59e75cddc1f9a39b70e738b61d3868,3f6a9d2275cb9c9a133ec7f3eb5e4e8088ecfa97
4eb300468497d25baaaa2be81867dca914b5c3cb,56ff4b8a0c09cc2e135c4715a9b626f6453c4972
a5db04e2c0c746dde4a20dc1abd89b383e446d82,ae3041b612df02ec7b23acb7a8d53dd28b0b9755
0389fcfa457ab93410e38d9b7818e2644ba8dfe3,e13b83759f20ad367e5d3037948f127ca52c961d
38994379c26b5df5f87d9932be3b463e7c6b0e8d,290c1eda311397e6017acce337ee7211a2854fa6
5e596ede9626f667e3e1fe5cedb0d12e12cf431c,a945aae43c2144760ba13cdfbafba810c139e184
c1459208e1677062f9cc2338168cdfd9c560132e,057e2e18435ba5bb71d4f6b3dfe32c51fa99158b
e6beef93a32e248507260696f165847bad2e2db8,7595e9fe87c3b7b10aff73409b301e322fb559fb
3d83b92624c843a0bdcaa3c9e0be23bbec2eb59b,3a509c424ce395dbcab373cfbbbda900c3bfd456
934ce92e4460b9b81b6e05510da1c4faa80b338b,30b52375cbe454f7bcea05c8c4b658cd6dc44da3
cea6dda68434ac263a254d14c1e0708ae6a2eac5,f185ac7637cace355cb8c0aa3d81642001189ca1
5c7d3f4b54f9cef26743d6256c7b94750c48dc2e,7e327cab0d566b5718ffdffffed471f8786ce2a9
5196cb50935520f7dea918309e3cf2ad9e84725b,b0c731ba8b380eb66da1c27dd4bc85a00024976c
3a5abafd04fa1659cd85dd6f949aacb2f34c9f7e,0ec4a8faa7ce65ebbb3a849848aed82fa15b40ef
2b8be93f10dda80189e9f0d4db2aad14635ba5eb,304fd92e405b1b850d3855e99a3c80e824aca560
2e0dcfa0fa5ef189ad87153c67909bf55d50aa7b,76805dd7089194caf2fdfef116c44364849ef97b
cc862406065434ca1c82bb09f423134cf80fc80b,3ed4ef6f7eda21ba1f860bc86daf665a2fd56df5
10da7a33fd2a2d78cf38a975da2f5f04c127d166,28a79d34d33151004709708489118183982aa838
a9d457affb52e53c11bd7796b9416ef09bb4ed17,0a45b4eb32c53f3fe1ecd51dad848db4b8130568
1c2f297464b52d0d41943054d5424ede83e9716c,e556ca7ef9e271be98c8b26698064a5a337277a4
e7418c99a537f80d05fef5125f6e2f04596dbab7,b1bdbe68246cb6dfe6133782ba74416556f29001
3a7b52bc3892fd45b1532e41cdd7c85818943739,69f0a8ab3738fb9fed9cc8bb44fa9ba60021b8e0
2ac332a099cd75c6729cedb8ba8d3959a10e8e3e,aca5a114bba3a63571bb00ca506c39ad2f10d0ad
dc3e32a89777cd58adb52da63a041e09f1cc45a5,357789165ff18a03469cf7eca38564dc3bafaab5
841ca089761ceac12a128ebfd539f6ff688e582e,7348bd527ac03a9cc2177127b5221d339ac44ac1
955080c526c04798f81a59402331dde089da9074,60e7fb7470f6c5feacc8f85b4381dd7246c8c036
f0d23163bc17cf37af53e777682f127110651b59,7bb5052b3ae8dd7323b7e7c831d86fd4ad43c905
83d9aed48aa04cc9054d4c6d445c3664b199573d,61953a3e078a08d7da81c3b2e8873f3fb0952cf3
70bf6f518ad6f8c3898b742d8f0731ae0deca7ba,86ce45a1b4578e7b377f9c668adae3d2e6a8d583
2e3ae42da96ddbc631735ae329e22edaddb21ed7,d89985328142256eeccd2459686e1a0f121c1304
aa056a7792e5fd1ba73a5717c44d631b15359bd2,996c4525d78e6b7655ce8a70f3f2dd023112c042
cd8bb3b2cd58fa31ec0bba04461bcccb3382c6fb,ff866605696af6e1cc1a3a1fa12b97825a112422
49654c829ae821bda2c967019b0c489cfd738bc9,225a659d820af0b4437b0ea5a534ea6f0dc842d8
be2d4ea7f81d3837086267afb776bfabc5218692,7a74cecd6befac590ae44cfb6d1b8b015ccbfc47
d2f05692b89864758696b7d840d35830023021d3,f790a583306f43e23ae2e433da02baa0b3fff5c6
61d85e621e54c3a99a489e8a1ddccda2cecde700,94ee597b39923bebde75d4f1dcd4f6e005595d6f
1b9e1349d7336b01f2ee0ab635c4014db8f67616,e3bfdee7ddab26db4437c9705267be5a3f954497
f66857d49a7569f2fb1ec1b7e2fc87e87549a972,745ce5b01fad425ff524251e57954d1b66448dff
f24ca14a2cad8b8c3433c170913781b0995d3a9b,1146d4851cc21c27c876bf5a8fefba24da946786
baca7e3a91b1f61d34f048febb83c5d7f3d473cc,3a43677a305567d0f9fee5667860a469a79956bc
85e20621efd1234434fafbfede318f1f79805da3,84f15f6ce0a8bea5fb854b13def457d375fa31bc
764f60959fd04645706f3eb0a77b60e5b4d4d45d,3e9f2a1219d9a177751fae0c04816629d2dc8681
9a8d77af14ee5287856f488cacd962e0ec0a8175,16bfe50cf4984c8ddac1e0bf1c56ee4ce6c03119
5b197d1320538f9921328480f5a06dafe8a6821f,82ea2d741f362a8b999d37d096f8b4e7a118acd1
6b862727d2fd2cc296dc75017cf5459ccab7cd48,c51aeb8f3194ae4cf9a0839b086e600269efcfbb
0ddfa8d3653fd2419dccff916e5d7ec6c5d25b29,740dc4b0a6b24c715b6f8e803a73669e69cd8534
aabbd3494b8771032165e9870555e666dc9bac67,dbd739bb0be999cc46b42f03f420fe9366270262
831db9d141ad39b0dbb8076d24042782b7b35ccb,49d93035dfbe41b8e121cf3749bde5626d3cce55
240b636acc294f53cb1e56d0da0b7b8c7c7b4367,64a34daf2249968bed1601a768b27135b8bb6f17
f56280b21dfe7f8cd4ae3a44258da55e0adb2a91,a3586bf031680d11ed46bba5da565b6bafcbdcde
21a83322f5a295344ace1dce38a09acaa2632449,65367dab4319a719859fb5ee75ba502d37b5794b
6843d8341dba4274c885b4088c824bd072c4d881,7bb3774e76b6d1c3874f74df3b893708fa216a8f
bbde83442f569969fe1d1d36254cb04b795b344d,666ed33928143a432e39c885c5758c8fab1da3e6
f5dbb564b5519432293ba1b7fc82015c5549491d,2db86d49bef18c568987f0035b3ac4805792c11d
bdcfd6640c2da7e164f12262c5f5b31d2cb24b2d,bd86af4fc03782ab295025e33b9596790b6919b6
2e92938d43206d3ede933c8bdafa52054749d9aa,3e0a93baee05480f4d5e2b9e6e30d79f6b9f7655
6684b7068977b65e6a5e15ebc75816f412898222,1ba91f987d23e0162b7e03bfd75a7abda80335bb
f8c34b06ac3abfebcc3b219c38fb21409da6f40d,6b439bbb012fe0405e3153906594af998214d0e8
50016aa9967a52068a01e8a0b82a04a74bedabdd,afe0b5fc2c6713e061bf4f4212e5290aa0c15e2a
dcf0127b826b8ac9857ccd4f466623a7e9e73c89,6ba9610c8c98fbeca6a99dc3e5122f985f9f4d64
d17ca80017e593fa9fbe4e3a3957443acc95e3c0,76ce01ea7ecf80f21afdef7c5c28b7e0f3c437a6
4c6c4591b6567e9f90e8030056fefac6d5dac34f,71f5bac8e8d06636ea313501a1ecac5043c3ed9f
b95b075f4926522952e83eefe08c4c7caf4fdda9,3c3fceee776e963903bcde9d1236088c7006f76d
e337d16a20f1e5e56552379d30a3286dd2cea4a8,b9fb081b874fe7279d8f17dc470e17dc87542bd8
f8661e2a598059e8f258614391e6c5b5e0433c81,b1ce63b83aef472826606ce35fe41454ca29744d
b8ddbc3d9ea6b45d86c06eb5e3ef8a62aa8e9a39,655e03b687f279d21d876d077c64d91afc65c6d4
8862e63c0b2fa22f786efa2b925481be39951307,86c803cfcb4489e25e5b38acc7da29b311f4d421
4aa1f676306b6a23d709889210357199d45d28dd,c6fec69c435c5c886e218cdc900d120d5ee18aee
11cc8f55ab95e6ed819df875ffaa9586034d30ee,d257b0fa79e08d7bce15d782a9ff6f04c3b38821
124b32250009c9f3234b94a2bff7f991218c037e,9852cad3141e406ca5f5943a0ea160027fb7bc44
25ab593e515ee54bf3a0ffcce26ac78d0a23dcd5,b0a3eede504af6dc8819a73922955a533817a083
a3b495968da814624e9718e96cb881a2fa266b49,69f70495f3db62f1f931d1f460c608523bec9af2
039b28788f1f012746bb13182f10b14ee73b13a9,123e4a88aed37f8bb2394ad4873c612f99177f53
c6fdf4c123ef15ceae470bae2cec1b56e146e5e9,72f2fcb5b7287eec5e78e45631f92f083f29d0a8
b9210315101e76b9b217df17c8e537d933c76260,bd1502608a9bb423897f9a756e21b03315b4670b
be5f59e77f1ab6ee7cf7b6f1784f5d353b69d882,645f5fb1dae5d9148bf695f6ec0321d37ca8ac24
84c78e7e90da5421e7e56bd038dc9c3617ca6423,b48678aa20cc407563cd9c39da1c5a80911b94e3
6dad8ab815498453fb2b3e1970ff7bfddd5e85d1,fbbbbc568fd10cdf53a596caa82d912b232a0260
5cccf56f8cdc32b718e1a4859d38f02da17dfba3,8c877abab2eaf1d89e28f5173bae18541e0a25f0
