schema	atelier-codev-readout-v1
status	ok
source_zmx	cand_flagship_both.zmx
units	M
aperture_type	FNO
f_number	2.32
entrance_pupil_diameter_mm	1.642
num_surfaces	18
num_fields	3
num_wavelengths	1
num_zooms	1
stop_surface	3
field_type	ANG
reference_wavelength_index	1
image_height_y_mm	3.87652
surface.1.radius_y_mm	3.33114
surface.1.thickness_mm	0.32
surface.1.semi_diameter_mm	0.950707
surface.1.glass	546000.401540
surface.1.nd	1.546
surface.1.vd	0
surface.1.surface_type	ASP
surface.1.is_stop	0
surface.1.asphere.K	-4.0388
surface.1.asphere.A	-0.0199146
surface.1.asphere.B	0.0434168
surface.1.asphere.C	-0.0372317
surface.1.asphere.D	0.0214233
surface.1.asphere.E	0.00434292
surface.1.asphere.F	-0.00568602
surface.1.asphere.G	-0.0005119
surface.1.asphere.H	0
surface.1.asphere.J	0
surface.2.radius_y_mm	3.16721
surface.2.thickness_mm	0.0703533
surface.2.semi_diameter_mm	0.797853
surface.2.glass	
surface.2.nd	1
surface.2.vd	0
surface.2.surface_type	ASP
surface.2.is_stop	0
surface.2.asphere.K	-40.479
surface.2.asphere.A	-0.1055
surface.2.asphere.B	0.116033
surface.2.asphere.C	0.0095871
surface.2.asphere.D	-0.161723
surface.2.asphere.E	0.193419
surface.2.asphere.F	-0.0888549
surface.2.asphere.G	0.00002
surface.2.asphere.H	0
surface.2.asphere.J	0
surface.3.radius_y_mm	1.000000e+18
surface.3.thickness_mm	0.00105092
surface.3.semi_diameter_mm	0.791334
surface.3.glass	
surface.3.nd	1
surface.3.vd	0
surface.3.surface_type	ASP
surface.3.is_stop	1
surface.3.asphere.K	0
surface.3.asphere.A	-0.0282292
surface.3.asphere.B	0.019437
surface.3.asphere.C	0.142148
surface.3.asphere.D	0.401882
surface.3.asphere.E	3.214064e-09
surface.3.asphere.F	1.823980e-09
surface.3.asphere.G	2.012306e-09
surface.3.asphere.H	0
surface.3.asphere.J	0
surface.4.radius_y_mm	2.08062
surface.4.thickness_mm	0.378
surface.4.semi_diameter_mm	0.822307
surface.4.glass	542000.965530
surface.4.nd	1.542
surface.4.vd	0
surface.4.surface_type	ASP
surface.4.is_stop	0
surface.4.asphere.K	-12.202
surface.4.asphere.A	-0.112579
surface.4.asphere.B	0.0797371
surface.4.asphere.C	-0.137436
surface.4.asphere.D	0.0237877
surface.4.asphere.E	0.207857
surface.4.asphere.F	-0.240695
surface.4.asphere.G	-0.000001
surface.4.asphere.H	0
surface.4.asphere.J	0
surface.5.radius_y_mm	16.2154
surface.5.thickness_mm	0.0514951
surface.5.semi_diameter_mm	0.902205
surface.5.glass	
surface.5.nd	1
surface.5.vd	0
surface.5.surface_type	ASP
surface.5.is_stop	0
surface.5.asphere.K	39.86
surface.5.asphere.A	-0.06407
surface.5.asphere.B	-0.108037
surface.5.asphere.C	0.111702
surface.5.asphere.D	-0.0903346
surface.5.asphere.E	0.013361
surface.5.asphere.F	-0.0206846
surface.5.asphere.G	0.000555501
surface.5.asphere.H	0
surface.5.asphere.J	0
surface.6.radius_y_mm	7.21962
surface.6.thickness_mm	0.24
surface.6.semi_diameter_mm	0.942554
surface.6.glass	639000.236230
surface.6.nd	1.639
surface.6.vd	0
surface.6.surface_type	ASP
surface.6.is_stop	0
surface.6.asphere.K	41.242
surface.6.asphere.A	-0.0121267
surface.6.asphere.B	-0.0124223
surface.6.asphere.C	0.00551856
surface.6.asphere.D	-0.044321
surface.6.asphere.E	0.0208004
surface.6.asphere.F	-0.0110511
surface.6.asphere.G	-0.000022
surface.6.asphere.H	0
surface.6.asphere.J	0
surface.7.radius_y_mm	3.63441
surface.7.thickness_mm	0.302989
surface.7.semi_diameter_mm	0.993671
surface.7.glass	
surface.7.nd	1
surface.7.vd	0
surface.7.surface_type	ASP
surface.7.is_stop	0
surface.7.asphere.K	-1.9093
surface.7.asphere.A	0.00687301
surface.7.asphere.B	-0.0024717
surface.7.asphere.C	-0.0105611
surface.7.asphere.D	-0.00806618
surface.7.asphere.E	-0.000026
surface.7.asphere.F	0.00001
surface.7.asphere.G	0.000181811
surface.7.asphere.H	0
surface.7.asphere.J	0
surface.8.radius_y_mm	29.037
surface.8.thickness_mm	0.714
surface.8.semi_diameter_mm	1.0376
surface.8.glass	539000.906550
surface.8.nd	1.539
surface.8.vd	0
surface.8.surface_type	ASP
surface.8.is_stop	0
surface.8.asphere.K	28.779
surface.8.asphere.A	-0.0496335
surface.8.asphere.B	-0.0123161
surface.8.asphere.C	-0.0173619
surface.8.asphere.D	-0.00433102
surface.8.asphere.E	0.012984
surface.8.asphere.F	-0.000044
surface.8.asphere.G	-0.000037
surface.8.asphere.H	0
surface.8.asphere.J	0
surface.9.radius_y_mm	-4.76148
surface.9.thickness_mm	0.163064
surface.9.semi_diameter_mm	1.18192
surface.9.glass	
surface.9.nd	1
surface.9.vd	0
surface.9.surface_type	ASP
surface.9.is_stop	0
surface.9.asphere.K	11.4
surface.9.asphere.A	-0.0979704
surface.9.asphere.B	-0.232733
surface.9.asphere.C	0.694678
surface.9.asphere.D	-0.909994
surface.9.asphere.E	0.699008
surface.9.asphere.F	-0.301842
surface.9.asphere.G	0.055578
surface.9.asphere.H	0
surface.9.asphere.J	0
surface.10.radius_y_mm	-1.75156
surface.10.thickness_mm	0.301
surface.10.semi_diameter_mm	1.21412
surface.10.glass	638000.139230
surface.10.nd	1.638
surface.10.vd	0
surface.10.surface_type	ASP
surface.10.is_stop	0
surface.10.asphere.K	0.64893
surface.10.asphere.A	-0.0746717
surface.10.asphere.B	0.0657353
surface.10.asphere.C	0.221833
surface.10.asphere.D	-0.240691
surface.10.asphere.E	0.0970438
surface.10.asphere.F	-0.0142009
surface.10.asphere.G	-0.000146308
surface.10.asphere.H	0
surface.10.asphere.J	0
surface.11.radius_y_mm	-3.53017
surface.11.thickness_mm	0.0651407
surface.11.semi_diameter_mm	1.44656
surface.11.glass	
surface.11.nd	1
surface.11.vd	0
surface.11.surface_type	ASP
surface.11.is_stop	0
surface.11.asphere.K	-1.1417
surface.11.asphere.A	-0.151948
surface.11.asphere.B	0.182228
surface.11.asphere.C	-0.0799963
surface.11.asphere.D	0.0221684
surface.11.asphere.E	-0.00484349
surface.11.asphere.F	0.000562575
surface.11.asphere.G	4.038946e-07
surface.11.asphere.H	0
surface.11.asphere.J	0
surface.12.radius_y_mm	1.81174
surface.12.thickness_mm	0.686
surface.12.semi_diameter_mm	2.13553
surface.12.glass	550000.536500
surface.12.nd	1.55
surface.12.vd	0
surface.12.surface_type	ASP
surface.12.is_stop	0
surface.12.asphere.K	-8.3116
surface.12.asphere.A	0.0536883
surface.12.asphere.B	-0.048371
surface.12.asphere.C	0.0192101
surface.12.asphere.D	-0.00581155
surface.12.asphere.E	0.00100839
surface.12.asphere.F	-0.000068
surface.12.asphere.G	-2.607571e-09
surface.12.asphere.H	0
surface.12.asphere.J	0
surface.13.radius_y_mm	4.54872
surface.13.thickness_mm	0.52906
surface.13.semi_diameter_mm	2.62603
surface.13.glass	
surface.13.nd	1
surface.13.vd	0
surface.13.surface_type	ASP
surface.13.is_stop	0
surface.13.asphere.K	-1.8332
surface.13.asphere.A	0.0635802
surface.13.asphere.B	-0.0425369
surface.13.asphere.C	0.0111029
surface.13.asphere.D	-0.00174748
surface.13.asphere.E	0.000157697
surface.13.asphere.F	-0.000006
surface.13.asphere.G	2.950561e-10
surface.13.asphere.H	0
surface.13.asphere.J	0
surface.14.radius_y_mm	1.67587
surface.14.thickness_mm	0.612
surface.14.semi_diameter_mm	5.47662
surface.14.glass	542000.657560
surface.14.nd	1.542
surface.14.vd	0
surface.14.surface_type	ASP
surface.14.is_stop	0
surface.14.asphere.K	-2.685
surface.14.asphere.A	-0.184746
surface.14.asphere.B	0.0509797
surface.14.asphere.C	-0.00721476
surface.14.asphere.D	0.000676372
surface.14.asphere.E	-0.000049
surface.14.asphere.F	0.000003
surface.14.asphere.G	-6.355525e-08
surface.14.asphere.H	0
surface.14.asphere.J	0
surface.15.radius_y_mm	1.03051
surface.15.thickness_mm	0.634029
surface.15.semi_diameter_mm	5.13897
surface.15.glass	
surface.15.nd	1
surface.15.vd	0
surface.15.surface_type	ASP
surface.15.is_stop	0
surface.15.asphere.K	-2.36
surface.15.asphere.A	-0.134738
surface.15.asphere.B	0.0568238
surface.15.asphere.C	-0.0161219
surface.15.asphere.D	0.00266211
surface.15.asphere.E	-0.000244169
surface.15.asphere.F	0.000012
surface.15.asphere.G	-2.197231e-07
surface.15.asphere.H	0
surface.15.asphere.J	0
surface.16.radius_y_mm	1.000000e+18
surface.16.thickness_mm	0.21
surface.16.semi_diameter_mm	4.82189
surface.16.glass	485000.029520
surface.16.nd	1.485
surface.16.vd	0
surface.16.surface_type	CON
surface.16.is_stop	0
surface.16.asphere.K	0
surface.16.asphere.A	0
surface.16.asphere.B	0
surface.16.asphere.C	0
surface.16.asphere.D	0
surface.16.asphere.E	0
surface.16.asphere.F	0
surface.16.asphere.G	0
surface.16.asphere.H	0
surface.16.asphere.J	0
surface.17.radius_y_mm	1.000000e+18
surface.17.thickness_mm	0.193029
surface.17.semi_diameter_mm	4.96149
surface.17.glass	
surface.17.nd	1
surface.17.vd	0
surface.17.surface_type	CON
surface.17.is_stop	0
surface.17.asphere.K	0
surface.17.asphere.A	0
surface.17.asphere.B	0
surface.17.asphere.C	0
surface.17.asphere.D	0
surface.17.asphere.E	0
surface.17.asphere.F	0
surface.17.asphere.G	0
surface.17.asphere.H	0
surface.17.asphere.J	0
surface.18.radius_y_mm	1.000000e+18
surface.18.thickness_mm	0
surface.18.semi_diameter_mm	5.24022
surface.18.glass	
surface.18.nd	1
surface.18.vd	0
surface.18.surface_type	CON
surface.18.is_stop	0
surface.18.asphere.K	0
surface.18.asphere.A	0
surface.18.asphere.B	0
surface.18.asphere.C	0
surface.18.asphere.D	0
surface.18.asphere.E	0
surface.18.asphere.F	0
surface.18.asphere.G	0
surface.18.asphere.H	0
surface.18.asphere.J	0
wavelength.1.wavelength_nm	587.56
wavelength.1.weight	1
field.1.definition_type	ANG
field.1.x	0
field.1.y	0
field.1.vuy	0
field.1.vly	0
field.1.vux	0
field.1.vlx	0
field.2.definition_type	ANG
field.2.x	0
field.2.y	45.5
field.2.vuy	0
field.2.vly	0
field.2.vux	0
field.2.vlx	0
field.3.definition_type	ANG
field.3.x	0
field.3.y	32.1685
field.3.vuy	0
field.3.vly	0
field.3.vux	0
field.3.vlx	0
